,Recency,Recency,Frequency,Frequency,Monetary,Monetary,Monetary,Monetary
,mean,median,mean,median,mean,median,sum,count
Cluster,,,,,,,,
0,180.95366795366795,182.0,1.0,1.0,3631.989768339768,3617.87,940685.35,259
1,164.7246963562753,153.0,1.0,1.0,1268.5003238866398,1259.9,313319.58,247
2,543.0196078431372,539.0,1.0,1.0,1381.1727843137255,1399.52,352199.06,255
3,544.1422594142259,534.0,1.0,1.0,3870.016778242678,3953.03,924934.01,239
